Threshold Index,Spatial Frequency (cpd),Contrast Sensitivity (1 / RMSR)
0,0.8471042299603008,10.820250888884638
1,2.459744339175716,9.422534800748112
