Threshold Index,Spatial Frequency (cpd),Contrast Sensitivity (1 / RMSR)
0,0.5367390447011086,90.41125106058132
1,1.4693957654198477,108.48591952941356
2,4.492397852775361,84.79392339040565
3,7.337397981468713,20.339320575478087
4,12.409377607517202,4.999999999999999
