Threshold Index,Spatial Frequency (cpd),Contrast Sensitivity (1 / RMSR)
0,6.493816315762115,8.659643233600656
0,4.999999999999999,4.999999999999999
