Threshold Index,Spatial Frequency (cpd),Contrast Sensitivity (1 / RMSR)
0,0.5257209635108494,99.57054737931885
1,1.3982102748081868,72.93470486616383
2,3.9495853853491942,66.5254834944632
3,7.824611580086376,21.281068188824822
4,8.659643233600656,4.999999999999999
