Threshold Index,Spatial Frequency (cpd),Contrast Sensitivity (1 / RMSR)
0,0.5367390447011086,90.41125106058132
1,1.544205442010487,161.3661803079757
2,3.4723604692596153,52.19289044800646
3,6.452093490301674,18.579006118868794
4,9.305720409296992,4.999999999999999
