Threshold Index,Spatial Frequency (cpd),Contrast Sensitivity (1 / RMSR)
0,0.5711982523479505,67.68574779243424
1,1.4512666330951884,98.23439805595865
2,3.6246580205218253,56.58963755791653
3,6.452093490301674,18.579006118868783
4,10.746078283213174,4.999999999999999
