Threshold Index,Spatial Frequency (cpd),Contrast Sensitivity (1 / RMSR)
0,0.5257209635108494,99.57054737931874
1,1.4333611746415038,88.95160775956874
2,3.4723604692596153,52.19289044800646
3,8.344176850410753,22.266420433110568
4,13.33521432163324,4.999999999999999
